predictor_set,predictor_label,seed,auc_pooled,auc_within_groups,auc_cross_groups,n_within_pairs,n_cross_pairs,n_total_pairs,share_within_pairs,share_cross_pairs
B_basic_structural,Family B graph tallies,0,0.9786778398510242,0.7133333333333334,0.9863026819923372,150,5220,5370,0.027932960893854747,0.9720670391061452
B_basic_structural,Family B graph tallies,1,0.9791433891992551,0.7066666666666667,0.9869731800766284,150,5220,5370,0.027932960893854747,0.9720670391061452
B_basic_structural,Family B graph tallies,2,0.9810055865921788,0.7433333333333333,0.9878352490421456,150,5220,5370,0.027932960893854747,0.9720670391061452
B_basic_structural,Family B graph tallies,3,0.9844506517690875,0.7566666666666667,0.9909961685823755,150,5220,5370,0.027932960893854747,0.9720670391061452
B_basic_structural,Family B graph tallies,4,0.9833333333333333,0.7666666666666667,0.98955938697318,150,5220,5370,0.027932960893854747,0.9720670391061452
B_basic_structural,Family B graph tallies,5,0.9782122905027933,0.7266666666666667,0.98544061302682,150,5220,5370,0.027932960893854747,0.9720670391061452
B_basic_structural,Family B graph tallies,6,0.9827746741154563,0.7733333333333333,0.9887931034482759,150,5220,5370,0.027932960893854747,0.9720670391061452
B_basic_structural,Family B graph tallies,7,0.9794227188081938,0.7433333333333333,0.9862068965517241,150,5220,5370,0.027932960893854747,0.9720670391061452
B_basic_structural,Family B graph tallies,8,0.9758845437616388,0.7133333333333334,0.9834291187739463,150,5220,5370,0.027932960893854747,0.9720670391061452
B_basic_structural,Family B graph tallies,9,0.9809124767225326,0.7333333333333333,0.9880268199233716,150,5220,5370,0.027932960893854747,0.9720670391061452
B_basic_structural,Family B graph tallies,10,0.9789571694599627,0.7566666666666667,0.9853448275862069,150,5220,5370,0.027932960893854747,0.9720670391061452
B_basic_structural,Family B graph tallies,11,0.9823091247672253,0.72,0.9898467432950192,150,5220,5370,0.027932960893854747,0.9720670391061452
B_basic_structural,Family B graph tallies,12,0.9799813780260708,0.7666666666666667,0.9861111111111112,150,5220,5370,0.027932960893854747,0.9720670391061452
B_basic_structural,Family B graph tallies,13,0.9757914338919925,0.73,0.9828544061302682,150,5220,5370,0.027932960893854747,0.9720670391061452
B_basic_structural,Family B graph tallies,14,0.9798882681564245,0.7433333333333333,0.9866858237547893,150,5220,5370,0.027932960893854747,0.9720670391061452
B_basic_structural,Family B graph tallies,15,0.9822160148975791,0.77,0.9883141762452107,150,5220,5370,0.027932960893854747,0.9720670391061452
B_basic_structural,Family B graph tallies,16,0.982122905027933,0.7766666666666666,0.9880268199233716,150,5220,5370,0.027932960893854747,0.9720670391061452
B_basic_structural,Family B graph tallies,17,0.9780260707635009,0.73,0.9851532567049809,150,5220,5370,0.027932960893854747,0.9720670391061452
B_basic_structural,Family B graph tallies,18,0.9818435754189944,0.7766666666666666,0.9877394636015325,150,5220,5370,0.027932960893854747,0.9720670391061452
B_basic_structural,Family B graph tallies,19,0.9812849162011172,0.7433333333333333,0.9881226053639847,150,5220,5370,0.027932960893854747,0.9720670391061452
B_basic_structural,Family B graph tallies,20,0.9791433891992551,0.72,0.9865900383141762,150,5220,5370,0.027932960893854747,0.9720670391061452
B_basic_structural,Family B graph tallies,21,0.9791433891992551,0.7933333333333333,0.9844827586206897,150,5220,5370,0.027932960893854747,0.9720670391061452
B_basic_structural,Family B graph tallies,22,0.9802607076350094,0.7233333333333334,0.9876436781609196,150,5220,5370,0.027932960893854747,0.9720670391061452
B_basic_structural,Family B graph tallies,23,0.9791433891992551,0.73,0.9863026819923372,150,5220,5370,0.027932960893854747,0.9720670391061452
B_basic_structural,Family B graph tallies,24,0.9766294227188083,0.7,0.9845785440613026,150,5220,5370,0.027932960893854747,0.9720670391061452
B_basic_structural,Family B graph tallies,25,0.9836126629422719,0.7666666666666667,0.9898467432950192,150,5220,5370,0.027932960893854747,0.9720670391061452
B_basic_structural,Family B graph tallies,26,0.9830540037243948,0.7666666666666667,0.989272030651341,150,5220,5370,0.027932960893854747,0.9720670391061452
B_basic_structural,Family B graph tallies,27,0.9853817504655493,0.82,0.9901340996168583,150,5220,5370,0.027932960893854747,0.9720670391061452
B_basic_structural,Family B graph tallies,28,0.9797951582867783,0.7,0.9878352490421456,150,5220,5370,0.027932960893854747,0.9720670391061452
B_basic_structural,Family B graph tallies,29,0.9828677839851024,0.73,0.9901340996168583,150,5220,5370,0.027932960893854747,0.9720670391061452
B_basic_structural,Family B graph tallies,30,0.9804469273743016,0.7466666666666667,0.9871647509578544,150,5220,5370,0.027932960893854747,0.9720670391061452
B_basic_structural,Family B graph tallies,31,0.9799813780260708,0.7366666666666667,0.9869731800766284,150,5220,5370,0.027932960893854747,0.9720670391061452
B_basic_structural,Family B graph tallies,32,0.9804469273743017,0.75,0.9870689655172413,150,5220,5370,0.027932960893854747,0.9720670391061452
B_basic_structural,Family B graph tallies,33,0.9791433891992551,0.76,0.98544061302682,150,5220,5370,0.027932960893854747,0.9720670391061452
B_basic_structural,Family B graph tallies,34,0.9776536312849162,0.7266666666666667,0.9848659003831418,150,5220,5370,0.027932960893854747,0.9720670391061452
B_basic_structural,Family B graph tallies,35,0.9793296089385475,0.7366666666666667,0.9863026819923372,150,5220,5370,0.027932960893854747,0.9720670391061452
B_basic_structural,Family B graph tallies,36,0.9832402234636871,0.7933333333333333,0.9886973180076628,150,5220,5370,0.027932960893854747,0.9720670391061452
B_basic_structural,Family B graph tallies,37,0.9844506517690874,0.7733333333333333,0.9905172413793103,150,5220,5370,0.027932960893854747,0.9720670391061452
B_basic_structural,Family B graph tallies,38,0.9814711359404097,0.8,0.9866858237547893,150,5220,5370,0.027932960893854747,0.9720670391061452
B_basic_structural,Family B graph tallies,39,0.9804469273743017,0.7533333333333333,0.9869731800766284,150,5220,5370,0.027932960893854747,0.9720670391061452
B_basic_structural,Family B graph tallies,40,0.9844506517690875,0.75,0.9911877394636015,150,5220,5370,0.027932960893854747,0.9720670391061452
B_basic_structural,Family B graph tallies,41,0.9809124767225326,0.7633333333333333,0.9871647509578544,150,5220,5370,0.027932960893854747,0.9720670391061452
B_basic_structural,Family B graph tallies,42,0.9798882681564245,0.7666666666666667,0.9860153256704981,150,5220,5370,0.027932960893854747,0.9720670391061452
B_basic_structural,Family B graph tallies,43,0.9781191806331472,0.6833333333333333,0.9865900383141762,150,5220,5370,0.027932960893854747,0.9720670391061452
B_basic_structural,Family B graph tallies,44,0.9851024208566108,0.78,0.9909961685823755,150,5220,5370,0.027932960893854747,0.9720670391061452
B_basic_structural,Family B graph tallies,45,0.9832402234636872,0.7633333333333333,0.98955938697318,150,5220,5370,0.027932960893854747,0.9720670391061452
B_basic_structural,Family B graph tallies,46,0.9812849162011174,0.77,0.9873563218390805,150,5220,5370,0.027932960893854747,0.9720670391061452
B_basic_structural,Family B graph tallies,47,0.9764432029795158,0.7833333333333333,0.981992337164751,150,5220,5370,0.027932960893854747,0.9720670391061452
B_basic_structural,Family B graph tallies,48,0.9824953445065177,0.7733333333333333,0.9885057471264368,150,5220,5370,0.027932960893854747,0.9720670391061452
B_basic_structural,Family B graph tallies,49,0.9797020484171323,0.75,0.9863026819923372,150,5220,5370,0.027932960893854747,0.9720670391061452
B_basic_structural,Family B graph tallies,50,0.9823091247672253,0.78,0.9881226053639847,150,5220,5370,0.027932960893854747,0.9720670391061452
B_basic_structural,Family B graph tallies,51,0.9802607076350093,0.75,0.9868773946360153,150,5220,5370,0.027932960893854747,0.9720670391061452
B_basic_structural,Family B graph tallies,52,0.978584729981378,0.7566666666666667,0.9849616858237548,150,5220,5370,0.027932960893854747,0.9720670391061452
B_basic_structural,Family B graph tallies,53,0.9803538175046553,0.75,0.9869731800766284,150,5220,5370,0.027932960893854747,0.9720670391061452
B_basic_structural,Family B graph tallies,54,0.9824953445065177,0.77,0.9886015325670499,150,5220,5370,0.027932960893854747,0.9720670391061452
B_basic_structural,Family B graph tallies,55,0.9766294227188081,0.7533333333333333,0.9830459770114942,150,5220,5370,0.027932960893854747,0.9720670391061452
B_basic_structural,Family B graph tallies,56,0.9806331471135941,0.7433333333333333,0.9874521072796935,150,5220,5370,0.027932960893854747,0.9720670391061452
B_basic_structural,Family B graph tallies,57,0.9855679702048417,0.7866666666666666,0.9912835249042146,150,5220,5370,0.027932960893854747,0.9720670391061452
B_basic_structural,Family B graph tallies,58,0.9794227188081936,0.7466666666666667,0.9861111111111112,150,5220,5370,0.027932960893854747,0.9720670391061452
B_basic_structural,Family B graph tallies,59,0.9831471135940408,0.73,0.9904214559386973,150,5220,5370,0.027932960893854747,0.9720670391061452
B_basic_structural,Family B graph tallies,60,0.9837057728119181,0.7566666666666667,0.9902298850574712,150,5220,5370,0.027932960893854747,0.9720670391061452
B_basic_structural,Family B graph tallies,61,0.9811918063314712,0.7566666666666667,0.9876436781609196,150,5220,5370,0.027932960893854747,0.9720670391061452
B_basic_structural,Family B graph tallies,62,0.9816573556797021,0.78,0.9874521072796935,150,5220,5370,0.027932960893854747,0.9720670391061452
B_basic_structural,Family B graph tallies,63,0.9850093109869646,0.78,0.9909003831417624,150,5220,5370,0.027932960893854747,0.9720670391061452
B_basic_structural,Family B graph tallies,64,0.9760707635009311,0.75,0.9825670498084291,150,5220,5370,0.027932960893854747,0.9720670391061452
B_basic_structural,Family B graph tallies,65,0.9780260707635009,0.74,0.9848659003831418,150,5220,5370,0.027932960893854747,0.9720670391061452
B_basic_structural,Family B graph tallies,66,0.9809124767225326,0.7866666666666666,0.9864942528735632,150,5220,5370,0.027932960893854747,0.9720670391061452
B_basic_structural,Family B graph tallies,67,0.9771880819366853,0.72,0.9845785440613026,150,5220,5370,0.027932960893854747,0.9720670391061452
B_basic_structural,Family B graph tallies,68,0.9836126629422718,0.7466666666666667,0.9904214559386973,150,5220,5370,0.027932960893854747,0.9720670391061452
B_basic_structural,Family B graph tallies,69,0.9764432029795158,0.7566666666666667,0.9827586206896551,150,5220,5370,0.027932960893854747,0.9720670391061452
B_basic_structural,Family B graph tallies,70,0.9781191806331471,0.7333333333333333,0.9851532567049809,150,5220,5370,0.027932960893854747,0.9720670391061452
B_basic_structural,Family B graph tallies,71,0.9797951582867784,0.7566666666666667,0.9862068965517241,150,5220,5370,0.027932960893854747,0.9720670391061452
B_basic_structural,Family B graph tallies,72,0.9787709497206705,0.7366666666666667,0.985727969348659,150,5220,5370,0.027932960893854747,0.9720670391061452
B_basic_structural,Family B graph tallies,73,0.9809124767225326,0.73,0.9881226053639847,150,5220,5370,0.027932960893854747,0.9720670391061452
B_basic_structural,Family B graph tallies,74,0.9782122905027933,0.7533333333333333,0.9846743295019157,150,5220,5370,0.027932960893854747,0.9720670391061452
B_basic_structural,Family B graph tallies,75,0.9753258845437617,0.6966666666666667,0.9833333333333333,150,5220,5370,0.027932960893854747,0.9720670391061452
B_basic_structural,Family B graph tallies,76,0.9758845437616387,0.6866666666666666,0.9841954022988506,150,5220,5370,0.027932960893854747,0.9720670391061452
B_basic_structural,Family B graph tallies,77,0.9781191806331471,0.78,0.9838122605363985,150,5220,5370,0.027932960893854747,0.9720670391061452
B_basic_structural,Family B graph tallies,78,0.9817504655493483,0.7566666666666667,0.9882183908045977,150,5220,5370,0.027932960893854747,0.9720670391061452
B_basic_structural,Family B graph tallies,79,0.9817504655493483,0.79,0.9872605363984674,150,5220,5370,0.027932960893854747,0.9720670391061452
B_basic_structural,Family B graph tallies,80,0.9775605214152701,0.7366666666666667,0.9844827586206897,150,5220,5370,0.027932960893854747,0.9720670391061452
B_basic_structural,Family B graph tallies,81,0.9787709497206704,0.75,0.9853448275862069,150,5220,5370,0.027932960893854747,0.9720670391061452
B_basic_structural,Family B graph tallies,82,0.9837057728119181,0.7866666666666666,0.989367816091954,150,5220,5370,0.027932960893854747,0.9720670391061452
B_basic_structural,Family B graph tallies,83,0.9843575418994414,0.7566666666666667,0.9909003831417624,150,5220,5370,0.027932960893854747,0.9720670391061452
B_basic_structural,Family B graph tallies,84,0.9805400372439479,0.7266666666666667,0.9878352490421456,150,5220,5370,0.027932960893854747,0.9720670391061452
B_basic_structural,Family B graph tallies,85,0.9824022346368715,0.79,0.9879310344827587,150,5220,5370,0.027932960893854747,0.9720670391061452
B_basic_structural,Family B graph tallies,86,0.9835195530726257,0.7466666666666667,0.9903256704980843,150,5220,5370,0.027932960893854747,0.9720670391061452
B_basic_structural,Family B graph tallies,87,0.9810986964618249,0.7433333333333333,0.9879310344827587,150,5220,5370,0.027932960893854747,0.9720670391061452
B_basic_structural,Family B graph tallies,88,0.981564245810056,0.7533333333333333,0.9881226053639847,150,5220,5370,0.027932960893854747,0.9720670391061452
B_basic_structural,Family B graph tallies,89,0.9792364990689013,0.7566666666666667,0.985632183908046,150,5220,5370,0.027932960893854747,0.9720670391061452
B_basic_structural,Family B graph tallies,90,0.9849162011173185,0.8066666666666666,0.9900383141762452,150,5220,5370,0.027932960893854747,0.9720670391061452
B_basic_structural,Family B graph tallies,91,0.9745810055865922,0.7166666666666667,0.981992337164751,150,5220,5370,0.027932960893854747,0.9720670391061452
B_basic_structural,Family B graph tallies,92,0.9814711359404097,0.72,0.9889846743295019,150,5220,5370,0.027932960893854747,0.9720670391061452
B_basic_structural,Family B graph tallies,93,0.9859404096834264,0.7833333333333333,0.9917624521072796,150,5220,5370,0.027932960893854747,0.9720670391061452
B_basic_structural,Family B graph tallies,94,0.9823091247672253,0.76,0.9886973180076628,150,5220,5370,0.027932960893854747,0.9720670391061452
B_basic_structural,Family B graph tallies,95,0.9852886405959032,0.7666666666666667,0.9915708812260536,150,5220,5370,0.027932960893854747,0.9720670391061452
B_basic_structural,Family B graph tallies,96,0.9793296089385475,0.79,0.9847701149425288,150,5220,5370,0.027932960893854747,0.9720670391061452
B_basic_structural,Family B graph tallies,97,0.9860335195530726,0.75,0.992816091954023,150,5220,5370,0.027932960893854747,0.9720670391061452
B_basic_structural,Family B graph tallies,98,0.9786778398510242,0.7133333333333334,0.9863026819923372,150,5220,5370,0.027932960893854747,0.9720670391061452
B_basic_structural,Family B graph tallies,99,0.9830540037243948,0.7166666666666667,0.9907088122605364,150,5220,5370,0.027932960893854747,0.9720670391061452
B_basic_structural,Family B graph tallies,mean_oof,0.9806331471135941,0.6666666666666666,0.9896551724137931,150,5220,5370,0.027932960893854747,0.9720670391061452
prevalence_only,prevalence-only baseline,0,0.9534450651769089,0.21333333333333335,0.9747126436781609,150,5220,5370,0.027932960893854747,0.9720670391061452
prevalence_only,prevalence-only baseline,1,0.955586592178771,0.21,0.9770114942528736,150,5220,5370,0.027932960893854747,0.9720670391061452
prevalence_only,prevalence-only baseline,2,0.9598696461824954,0.27,0.9796934865900383,150,5220,5370,0.027932960893854747,0.9720670391061452
prevalence_only,prevalence-only baseline,3,0.9556797020484172,0.22,0.9768199233716475,150,5220,5370,0.027932960893854747,0.9720670391061452
prevalence_only,prevalence-only baseline,4,0.959683426443203,0.27666666666666667,0.9793103448275862,150,5220,5370,0.027932960893854747,0.9720670391061452
prevalence_only,prevalence-only baseline,5,0.9542830540037245,0.18333333333333332,0.9764367816091954,150,5220,5370,0.027932960893854747,0.9720670391061452
prevalence_only,prevalence-only baseline,6,0.9602420856610802,0.31,0.9789272030651341,150,5220,5370,0.027932960893854747,0.9720670391061452
prevalence_only,prevalence-only baseline,7,0.9594972067039107,0.29,0.978735632183908,150,5220,5370,0.027932960893854747,0.9720670391061452
prevalence_only,prevalence-only baseline,8,0.9500000000000001,0.11,0.9741379310344828,150,5220,5370,0.027932960893854747,0.9720670391061452
prevalence_only,prevalence-only baseline,9,0.959683426443203,0.2966666666666667,0.978735632183908,150,5220,5370,0.027932960893854747,0.9720670391061452
prevalence_only,prevalence-only baseline,10,0.954562383612663,0.21333333333333335,0.9758620689655172,150,5220,5370,0.027932960893854747,0.9720670391061452
prevalence_only,prevalence-only baseline,11,0.9509310986964619,0.13666666666666666,0.9743295019157088,150,5220,5370,0.027932960893854747,0.9720670391061452
prevalence_only,prevalence-only baseline,12,0.9533519553072626,0.15666666666666668,0.9762452107279693,150,5220,5370,0.027932960893854747,0.9720670391061452
prevalence_only,prevalence-only baseline,13,0.9544692737430168,0.21,0.9758620689655172,150,5220,5370,0.027932960893854747,0.9720670391061452
prevalence_only,prevalence-only baseline,14,0.9599627560521415,0.2866666666666667,0.9793103448275862,150,5220,5370,0.027932960893854747,0.9720670391061452
prevalence_only,prevalence-only baseline,15,0.9588454376163874,0.2733333333333333,0.978544061302682,150,5220,5370,0.027932960893854747,0.9720670391061452
prevalence_only,prevalence-only baseline,16,0.962756052141527,0.36666666666666664,0.9798850574712644,150,5220,5370,0.027932960893854747,0.9720670391061452
prevalence_only,prevalence-only baseline,17,0.9559590316573557,0.21666666666666667,0.9772030651340996,150,5220,5370,0.027932960893854747,0.9720670391061452
prevalence_only,prevalence-only baseline,18,0.9610800744878958,0.34,0.9789272030651341,150,5220,5370,0.027932960893854747,0.9720670391061452
prevalence_only,prevalence-only baseline,19,0.9574487895716947,0.25,0.9777777777777777,150,5220,5370,0.027932960893854747,0.9720670391061452
prevalence_only,prevalence-only baseline,20,0.9567970204841714,0.23333333333333334,0.9775862068965517,150,5220,5370,0.027932960893854747,0.9720670391061452
prevalence_only,prevalence-only baseline,21,0.9577281191806333,0.2733333333333333,0.9773946360153257,150,5220,5370,0.027932960893854747,0.9720670391061452
prevalence_only,prevalence-only baseline,22,0.9591247672253259,0.2833333333333333,0.978544061302682,150,5220,5370,0.027932960893854747,0.9720670391061452
prevalence_only,prevalence-only baseline,23,0.9553072625698324,0.2,0.9770114942528736,150,5220,5370,0.027932960893854747,0.9720670391061452
prevalence_only,prevalence-only baseline,24,0.9540037243947859,0.18666666666666668,0.9760536398467433,150,5220,5370,0.027932960893854747,0.9720670391061452
prevalence_only,prevalence-only baseline,25,0.9577281191806333,0.25333333333333335,0.9779693486590039,150,5220,5370,0.027932960893854747,0.9720670391061452
prevalence_only,prevalence-only baseline,26,0.9570763500931099,0.23666666666666666,0.9777777777777777,150,5220,5370,0.027932960893854747,0.9720670391061452
prevalence_only,prevalence-only baseline,27,0.9646182495344506,0.38,0.9814176245210728,150,5220,5370,0.027932960893854747,0.9720670391061452
prevalence_only,prevalence-only baseline,28,0.954562383612663,0.20666666666666667,0.9760536398467433,150,5220,5370,0.027932960893854747,0.9720670391061452
prevalence_only,prevalence-only baseline,29,0.9601489757914339,0.2866666666666667,0.9795019157088123,150,5220,5370,0.027932960893854747,0.9720670391061452
prevalence_only,prevalence-only baseline,30,0.9588454376163874,0.2866666666666667,0.9781609195402299,150,5220,5370,0.027932960893854747,0.9720670391061452
prevalence_only,prevalence-only baseline,31,0.9557728119180634,0.22333333333333333,0.9768199233716475,150,5220,5370,0.027932960893854747,0.9720670391061452
prevalence_only,prevalence-only baseline,32,0.9599627560521415,0.3,0.9789272030651341,150,5220,5370,0.027932960893854747,0.9720670391061452
prevalence_only,prevalence-only baseline,33,0.959683426443203,0.2833333333333333,0.9791187739463602,150,5220,5370,0.027932960893854747,0.9720670391061452
prevalence_only,prevalence-only baseline,34,0.9546554934823092,0.20333333333333334,0.9762452107279693,150,5220,5370,0.027932960893854747,0.9720670391061452
prevalence_only,prevalence-only baseline,35,0.9572625698324023,0.2633333333333333,0.9772030651340996,150,5220,5370,0.027932960893854747,0.9720670391061452
prevalence_only,prevalence-only baseline,36,0.9604283054003725,0.30333333333333334,0.9793103448275862,150,5220,5370,0.027932960893854747,0.9720670391061452
prevalence_only,prevalence-only baseline,37,0.9593109869646184,0.25666666666666665,0.9795019157088123,150,5220,5370,0.027932960893854747,0.9720670391061452
prevalence_only,prevalence-only baseline,38,0.9567970204841714,0.24666666666666667,0.9772030651340996,150,5220,5370,0.027932960893854747,0.9720670391061452
prevalence_only,prevalence-only baseline,39,0.9609869646182496,0.30333333333333334,0.9798850574712644,150,5220,5370,0.027932960893854747,0.9720670391061452
prevalence_only,prevalence-only baseline,40,0.9575418994413408,0.26,0.9775862068965517,150,5220,5370,0.027932960893854747,0.9720670391061452
prevalence_only,prevalence-only baseline,41,0.9600558659217877,0.2966666666666667,0.9791187739463602,150,5220,5370,0.027932960893854747,0.9720670391061452
prevalence_only,prevalence-only baseline,42,0.9556797020484171,0.22666666666666666,0.9766283524904215,150,5220,5370,0.027932960893854747,0.9720670391061452
prevalence_only,prevalence-only baseline,43,0.9501862197392924,0.11666666666666667,0.9741379310344828,150,5220,5370,0.027932960893854747,0.9720670391061452
prevalence_only,prevalence-only baseline,44,0.9625698324022347,0.3333333333333333,0.9806513409961686,150,5220,5370,0.027932960893854747,0.9720670391061452
prevalence_only,prevalence-only baseline,45,0.9621042830540038,0.3233333333333333,0.9804597701149426,150,5220,5370,0.027932960893854747,0.9720670391061452
prevalence_only,prevalence-only baseline,46,0.9608938547486034,0.31333333333333335,0.9795019157088123,150,5220,5370,0.027932960893854747,0.9720670391061452
prevalence_only,prevalence-only baseline,47,0.9604283054003724,0.30333333333333334,0.9793103448275862,150,5220,5370,0.027932960893854747,0.9720670391061452
prevalence_only,prevalence-only baseline,48,0.9581936685288641,0.25,0.978544061302682,150,5220,5370,0.027932960893854747,0.9720670391061452
prevalence_only,prevalence-only baseline,49,0.9605214152700187,0.31333333333333335,0.9791187739463602,150,5220,5370,0.027932960893854747,0.9720670391061452
prevalence_only,prevalence-only baseline,50,0.9616387337057728,0.32,0.9800766283524904,150,5220,5370,0.027932960893854747,0.9720670391061452
prevalence_only,prevalence-only baseline,51,0.9567039106145252,0.23,0.9775862068965517,150,5220,5370,0.027932960893854747,0.9720670391061452
prevalence_only,prevalence-only baseline,52,0.9600558659217877,0.2833333333333333,0.9795019157088123,150,5220,5370,0.027932960893854747,0.9720670391061452
prevalence_only,prevalence-only baseline,53,0.9540037243947859,0.2,0.9756704980842912,150,5220,5370,0.027932960893854747,0.9720670391061452
prevalence_only,prevalence-only baseline,54,0.9583798882681565,0.25666666666666665,0.978544061302682,150,5220,5370,0.027932960893854747,0.9720670391061452
prevalence_only,prevalence-only baseline,55,0.962756052141527,0.32,0.9812260536398467,150,5220,5370,0.027932960893854747,0.9720670391061452
prevalence_only,prevalence-only baseline,56,0.9608938547486034,0.3466666666666667,0.978544061302682,150,5220,5370,0.027932960893854747,0.9720670391061452
prevalence_only,prevalence-only baseline,57,0.9633147113594042,0.35333333333333333,0.9808429118773946,150,5220,5370,0.027932960893854747,0.9720670391061452
prevalence_only,prevalence-only baseline,58,0.9575418994413408,0.24,0.9781609195402299,150,5220,5370,0.027932960893854747,0.9720670391061452
prevalence_only,prevalence-only baseline,59,0.9558659217877096,0.20666666666666667,0.9773946360153257,150,5220,5370,0.027932960893854747,0.9720670391061452
prevalence_only,prevalence-only baseline,60,0.9601489757914339,0.30666666666666664,0.9789272030651341,150,5220,5370,0.027932960893854747,0.9720670391061452
prevalence_only,prevalence-only baseline,61,0.958659217877095,0.26666666666666666,0.978544061302682,150,5220,5370,0.027932960893854747,0.9720670391061452
prevalence_only,prevalence-only baseline,62,0.9571694599627562,0.24666666666666667,0.9775862068965517,150,5220,5370,0.027932960893854747,0.9720670391061452
prevalence_only,prevalence-only baseline,63,0.9645251396648045,0.37666666666666665,0.9814176245210728,150,5220,5370,0.027932960893854747,0.9720670391061452
prevalence_only,prevalence-only baseline,64,0.9548417132216016,0.19666666666666666,0.9766283524904215,150,5220,5370,0.027932960893854747,0.9720670391061452
prevalence_only,prevalence-only baseline,65,0.9593109869646184,0.30333333333333334,0.9781609195402299,150,5220,5370,0.027932960893854747,0.9720670391061452
prevalence_only,prevalence-only baseline,66,0.959683426443203,0.29,0.9789272030651341,150,5220,5370,0.027932960893854747,0.9720670391061452
prevalence_only,prevalence-only baseline,67,0.9549348230912478,0.2,0.9766283524904215,150,5220,5370,0.027932960893854747,0.9720670391061452
prevalence_only,prevalence-only baseline,68,0.9561452513966481,0.22333333333333333,0.9772030651340996,150,5220,5370,0.027932960893854747,0.9720670391061452
prevalence_only,prevalence-only baseline,69,0.9560521415270019,0.22,0.9772030651340996,150,5220,5370,0.027932960893854747,0.9720670391061452
prevalence_only,prevalence-only baseline,70,0.9605214152700187,0.3,0.9795019157088123,150,5220,5370,0.027932960893854747,0.9720670391061452
prevalence_only,prevalence-only baseline,71,0.9621973929236499,0.35333333333333333,0.9796934865900383,150,5220,5370,0.027932960893854747,0.9720670391061452
prevalence_only,prevalence-only baseline,72,0.9595903165735569,0.2733333333333333,0.9793103448275862,150,5220,5370,0.027932960893854747,0.9720670391061452
prevalence_only,prevalence-only baseline,73,0.954562383612663,0.2,0.9762452107279693,150,5220,5370,0.027932960893854747,0.9720670391061452
prevalence_only,prevalence-only baseline,74,0.9606145251396648,0.30333333333333334,0.9795019157088123,150,5220,5370,0.027932960893854747,0.9720670391061452
prevalence_only,prevalence-only baseline,75,0.9558659217877096,0.22666666666666666,0.9768199233716475,150,5220,5370,0.027932960893854747,0.9720670391061452
prevalence_only,prevalence-only baseline,76,0.9529795158286779,0.15666666666666668,0.9758620689655172,150,5220,5370,0.027932960893854747,0.9720670391061452
prevalence_only,prevalence-only baseline,77,0.9647113594040969,0.37,0.9818007662835249,150,5220,5370,0.027932960893854747,0.9720670391061452
prevalence_only,prevalence-only baseline,78,0.9564245810055867,0.24,0.9770114942528736,150,5220,5370,0.027932960893854747,0.9720670391061452
prevalence_only,prevalence-only baseline,79,0.9626629422718809,0.3433333333333333,0.9804597701149426,150,5220,5370,0.027932960893854747,0.9720670391061452
prevalence_only,prevalence-only baseline,80,0.9541899441340783,0.18666666666666668,0.9762452107279693,150,5220,5370,0.027932960893854747,0.9720670391061452
prevalence_only,prevalence-only baseline,81,0.9540037243947859,0.18666666666666668,0.9760536398467433,150,5220,5370,0.027932960893854747,0.9720670391061452
prevalence_only,prevalence-only baseline,82,0.9599627560521415,0.29333333333333333,0.9791187739463602,150,5220,5370,0.027932960893854747,0.9720670391061452
prevalence_only,prevalence-only baseline,83,0.9589385474860336,0.27,0.978735632183908,150,5220,5370,0.027932960893854747,0.9720670391061452
prevalence_only,prevalence-only baseline,84,0.9550279329608939,0.20333333333333334,0.9766283524904215,150,5220,5370,0.027932960893854747,0.9720670391061452
prevalence_only,prevalence-only baseline,85,0.9630353817504655,0.33,0.9812260536398467,150,5220,5370,0.027932960893854747,0.9720670391061452
prevalence_only,prevalence-only baseline,86,0.9552141527001863,0.22333333333333333,0.9762452107279693,150,5220,5370,0.027932960893854747,0.9720670391061452
prevalence_only,prevalence-only baseline,87,0.9565176908752329,0.24333333333333335,0.9770114942528736,150,5220,5370,0.027932960893854747,0.9720670391061452
prevalence_only,prevalence-only baseline,88,0.958659217877095,0.26,0.978735632183908,150,5220,5370,0.027932960893854747,0.9720670391061452
prevalence_only,prevalence-only baseline,89,0.9570763500931099,0.22333333333333333,0.9781609195402299,150,5220,5370,0.027932960893854747,0.9720670391061452
prevalence_only,prevalence-only baseline,90,0.9607076350093111,0.30666666666666664,0.9795019157088123,150,5220,5370,0.027932960893854747,0.9720670391061452
prevalence_only,prevalence-only baseline,91,0.9490689013035382,0.12333333333333334,0.9727969348659004,150,5220,5370,0.027932960893854747,0.9720670391061452
prevalence_only,prevalence-only baseline,92,0.9575418994413408,0.24,0.9781609195402299,150,5220,5370,0.027932960893854747,0.9720670391061452
prevalence_only,prevalence-only baseline,93,0.9631284916201119,0.35333333333333333,0.9806513409961686,150,5220,5370,0.027932960893854747,0.9720670391061452
prevalence_only,prevalence-only baseline,94,0.9563314711359405,0.22333333333333333,0.9773946360153257,150,5220,5370,0.027932960893854747,0.9720670391061452
prevalence_only,prevalence-only baseline,95,0.9574487895716947,0.24333333333333335,0.9779693486590039,150,5220,5370,0.027932960893854747,0.9720670391061452
prevalence_only,prevalence-only baseline,96,0.961173184357542,0.31666666666666665,0.9796934865900383,150,5220,5370,0.027932960893854747,0.9720670391061452
prevalence_only,prevalence-only baseline,97,0.9539106145251397,0.19,0.9758620689655172,150,5220,5370,0.027932960893854747,0.9720670391061452
prevalence_only,prevalence-only baseline,98,0.9589385474860336,0.30333333333333334,0.9777777777777777,150,5220,5370,0.027932960893854747,0.9720670391061452
prevalence_only,prevalence-only baseline,99,0.9578212290502794,0.27,0.9775862068965517,150,5220,5370,0.027932960893854747,0.9720670391061452
prevalence_only,prevalence-only baseline,mean_oof,0.9441340782122906,0.0,0.9712643678160919,150,5220,5370,0.027932960893854747,0.9720670391061452
